"rating","text","ts","bot_percentage","profileimage"
"","","","0","http://pbs.twimg.com/profile_images/570440108424171520/QuGYd7jH_400x400.png"
"0.5","Top stories now on https://t.co/Fbzw6mR9Q5 \n\n#NDTVTopStories https://t.co/uChmbnWjRG","1522990862.0","",""
"0.0","#Apple said to be developing screens that let you control your phone without tapping or swiping… https://t.co/E0oYIS3sfP","1522990800.0","",""
"0.0","South Korean court jails former President Park Geun-Hye for 24 years over bribery https://t.co/0pIyjMLCiI https://t.co/EV9rE0Dkna","1522990749.0","",""
"0.0","Army helicopter makes an emergency landing in Tamil Nadu's Vellore, reports news agency ANI https://t.co/S9Cbwl23hW","1522990572.0","",""
"0.0","RT @CricketNDTV: .@mipaltan vs @ChennaiIPL: @IPL 2018 starts with clash of titans #IPL #IPL2018\n\nhttps://t.co/8qXI49fc7p","1522990528.0","",""
"0.0","Facebook apologises after Myanmar groups blast Zuckerberg https://t.co/WWkoSdlJGw https://t.co/t1DoSEZYFB","1522990358.0","",""
"0.4","RT @Sports_NDTV: 2018 Commonwealth Games: Indo-Pak rivalry set to light up hockey competition\n\n#indvspak\n#cwg2018 india\n#CWG2018\n\nREAD: htt…","1522990185.0","",""
"0.25","RT @NDTVProfit: Sensex closes 30 points higher, Nifty settles at 10,331; pharma stocks lead gains","1522989952.0","",""
"0.0","RT @moviesndtv: After Blackbuck Verdict, Stars Spotted At Salman Khan's Home: Malaika Arora, Sonakshi Sinha, Sneha Ullal https://t.co/XouNj…","1522989940.0","",""
"-0.16666666666666666","At the centre of our galaxy, there's a Black hole party https://t.co/QkzhdLvjcn https://t.co/niBOuRVL5T","1522989833.0","",""
"0.0","""Sacrifice for the nation, sacrifice for the nation's security and integrity are the part of the BJP's DNA"", says U… https://t.co/uz2EhB178j","1522989141.0","",""
"0.35","RT @moviesndtv: Preity Zinta In Jodhpur Where Salman Khan Is Jailed. 'True Friendship,' Says Twitter https://t.co/0atn5q3NQ2 https://t.co/2…","1522988966.0","",""
"0.0","RT @carandbike: We take a look at how @FordIndia #Freestyle and @MSArenaOfficial #Ignis compare on paper in terms of looks, features, safet…","1522987902.0","",""
"0.0","RT @CricketNDTV: #IPL2018, Team Profile: Star studded @lionsdenkxip hope to forget dismal last season\n\nREAD: https://t.co/yEEGl9jvI4 https:…","1522987709.0","",""
"0.0","RT @Gadgets360: Facebook Acknowledges It Deleted Messages Mark Zuckerberg Sent\nhttps://t.co/mkkvuaZxdq","1522987624.0","",""
"-0.5","RT @Sports_NDTV: Indian weightlifter #SaraswatiRout fails to lift 78kg in all three attempts in snatch, exits women's 58kg competition\n\n#GC…","1522987482.0","",""
"0.5","Top stories now on https://t.co/Fbzw6mR9Q5 \n\n#NDTVTopStories https://t.co/B8Q308Qms1","1522987246.0","",""
"0.0","UP man bites off brother's nose, attacks father after denied money for alcohol https://t.co/o3UnTR5ZEo https://t.co/GpHLgbuZkM","1522987201.0","",""
"0.3181818181818182","2018 Commonwealth Games | Here’s a look at latest medal tally on Day 2 of #GC2018 #CWG2018\n\nTrack LIVE updates here… https://t.co/hxRfZzI9dB","1522987070.0","",""
"0.3","RT @CricketNDTV: .@IPL 2018 Team Profile: @DelhiDaredevils look to @GautamGambhir for success #IPL #IPL2018\n\nhttps://t.co/ihdHochSZq","1522986925.0","",""
"0.0","#JustIn | Clashes erupt along Gaza-Israel border as protests begin: news agency AFP","1522986833.0","",""
"0.0","15 years after Saddam Hussein's fall, Iraqi hopes fade https://t.co/gHocw8pxMq https://t.co/kSsJFZTRXP","1522986732.0","",""
"0.0","Chinese double amputee Xia Boyu to climb Everest after ban revoked\nhttps://t.co/iwdOhCpenK https://t.co/1LttMLgDoY","1522986661.0","",""
"-0.2","RT @Sports_NDTV: #GC2018: #AmitPanghal of India beats Tetteh Sulemanu of Ghana with a 5-0 score in Men's 46-49kg Round of 16\n\n#gc2018boxing…","1522986599.0","",""
"0.0","Nepal Prime Minister K P Sharma Oli arrives in India, trade deficit, connectivity likely on agenda… https://t.co/zKaVp7b3CI","1522986250.0","",""
"0.0","RT @CricketNDTV: .@IPL 2018, Team Profile: @SunRisers Hyderabad, the relentless competitors #IPL2018 #IPL\n\nhttps://t.co/6jb1oFZajy","1522986031.0","",""
"0.13636363636363635","India, Singapore to explore new areas of cooperation during PM Modi's June visit https://t.co/9W6Ouoq7Rs https://t.co/H30Nv4z4Ko","1522985842.0","",""
"-0.2","""Punishment too harsh"": Ex-cricketer Shoaib Akhtar on ""friend"" #SalmanKhan #BlackBuckPoachingCase… https://t.co/W3I3TnxQdI","1522985838.0","",""
"0.13636363636363635","India, Singapore to explore new areas of cooperation during PM Modi's June visit https://t.co/ZjXFFY5XNn https://t.co/wXE3bYNo1N","1522985735.0","",""
"0.2","WATCH | Protest vs protest in parliament: BJP MPs to fast, Congress boycotts tea https://t.co/LZL9ERPyVJ https://t.co/HK3rbeDFjw","1522985677.0","",""
"0.1","Chanda Kochhar's brother-in-law arrives early on Day 2 of CBI questioning https://t.co/IuAAYZ8X6u https://t.co/fJzz74w84n","1522985655.0","",""
"-0.1","A group of farmers in Tamil Nadu's Trichy partially buried themselves in the sand on the banks of #Cauvery river pr… https://t.co/wDSDeo2fqs","1522985600.0","",""
"-0.25","RT @Sports_NDTV: #GC2018: #DipikaPallikal of India loses her women's singles round of 16 match 3-11, 6-11, 2-11 to England's Alison Waters…","1522985381.0","",""
"-0.06666666666666665","RT @moviesndtv: #Missing Review: “The brilliance of #Tabu and @BajpayeeManoj make a flawed film gripping,” writes Saibal Chatterjee – 3 Sta…","1522985376.0","",""
"0.0","RT @Sports_NDTV: #CommonwealthGames 2018: India outclass Scotland 5-0 to enter mixed team badminton quarters\n\n#GC2018badminton #cwg2018 \n\nR…","1522985231.0","",""
"0.0","Lead story now on https://t.co/Fbzw6mR9Q5: https://t.co/NBxtyvdZ76\n\n#NDTVLeadStory https://t.co/4rMON3ABTE","1522984922.0","",""
"0.0","How this town got stuck with 10 million pounds of human poop https://t.co/CkO7uOrpKR https://t.co/BlqpPAN7Fw","1522984857.0","",""
"0.3181818181818182","RT @Gadgets360: HP has announced its new ZBook convertible and laptops. The devices are meant for creative professionals. https://t.co/Rr0O…","1522984618.0","",""
"0.1","RT @carandbike: .@Olacabs offers an in-trip insurance cover to its users, across all categories viz. cabs, auto, kaali-peeli, and e-ricksha…","1522984486.0","",""
"-0.1","WATCH | For Cauvery board, Tamil Nadu farmers partially bury themselves in sand https://t.co/zplRSDNcQg https://t.co/Tnjm2VSzbD","1522984331.0","",""
"0.0","Man found beheaded in Kashmir orchard, 2 days after kidnapping by Lashkar https://t.co/QZR7d8Va7r https://t.co/sYVz6ExOVC","1522984208.0","",""
"0.04999999999999999","RT @Sports_NDTV: #GC2018: India's #JoshnaChinappa wins the #GC2018Squash women's singles round of 16 match vs Tamika Saxby of Australia\n\nLi…","1522983864.0","",""
"0.5","Top stories now on https://t.co/Fbzw6mR9Q5 \n\n#NDTVTopStories https://t.co/vgTxwgPhp0","1522983629.0","",""
"0.1","Why Donald Trump went after Jeff Bezos: Two billionaires across a cultural divide\nhttps://t.co/aEQF0R1DbN https://t.co/yJTLmoI0ij","1522983600.0","",""
"-0.03181818181818183","RT @Sports_NDTV: #GC2018Squash women's singles round of 16: #DipikaPallikal of India faces England's Alison Waters\n\n#GC2018 \n\nLive: https:/…","1522983575.0","",""
"0.06818181818181818","#DeepakLather claims bronze, gives India fourth weightlifting medal\n#GC2018 #CWG2018\n\nTrack LIVE updates here:… https://t.co/Mq5WgHSJV0","1522983541.0","",""
"-0.1","RT @NdtvLivestream: Another night in jail for Salman Khan. Tweet us your views @NdtvLivestream @AnkitaNDTV https://t.co/n98gAyvX4C","1522983361.0","",""
"-0.20000000000000004","RT @Sports_NDTV: #GC2018Squash women's singles round of 16: India's #JoshnaChinappa takes the second game 11-8 vs Tamika Saxby of Australia…","1522983323.0","",""
"0.25","Watch | First impressions of Irrfan Khan’s #Blackmail https://t.co/fDcSIdIApD","1522982868.0","",""
"-0.012499999999999997","RT @Sports_NDTV: #GC2018: India's #JoshnaChinappa wins the first game of round of 16 women's singles match 11-6 against Tamika Saxby of Aus…","1522982799.0","",""
"0.0","RT @Gadgets360: HP Upgrades ZBook Lineup for Professionals\nhttps://t.co/Rr0OEsYj5m","1522982516.0","",""
"0.0","RT @Gadgets360: OnePlus 6 Alert Slider to Offer 'Slide to Focus' Option, Hints Company https://t.co/DCDo2Bn2Qc","1522982307.0","",""
"-0.2","RT @Sports_NDTV: #GC2018: India's #JoshnaChinappa takes on Tamika Saxby of Australia in the Women's Singles Round of 16\n\n#GC2018Squash \n\nLi…","1522982282.0","",""
"-0.07500000000000001","Drunk man jumps into pool full of crocodiles. Arm ripped off but survives\nhttps://t.co/zo6VTkx0jR https://t.co/LEUWC2vLhI","1522982280.0","",""
"0.0","RT @Sports_NDTV: India trounce Malaysia in women's hockey #gc2018 #GC2018hockey\n\nhttps://t.co/nn37DPQ9TQ https://t.co/AgTGL8bWhj","1522982251.0","",""
"0.0","RT @CricketNDTVLive: 1st ODI: Smriti Mandhana hits Sophie Ecclestone for a 6!  52/2 (9.4 Ov) #INDWvENGW https://t.co/zCCTWjbxZk https://t.c…","1522982206.0","",""
"0.0","A Japanese woman tried to save a man's life in the sumo ring, but was ordered away for being 'unclean'… https://t.co/NR2UfFg4cK","1522982201.0","",""
"0.0","RT @CricketNDTVLive: 1st ODI: After 10.0 Ov, India Women 52/2. Smriti Mandhana 29 (30b), Harmanpreet Kaur 0 (0b) #INDWvENGW https://t.co/zC…","1522982196.0","",""
"0.0","RT @NDTVFood: 5 #Essential Post #Workout Recovery #Foods.\nhttps://t.co/GGNYtrraYv https://t.co/szNXxgpOm8","1522982110.0","",""
"-0.05","RT @NDTVProfit: PNB Fraud: Government Asks Hong Kong To Arrest Nirav Modi\nhttps://t.co/YNMZdAbviN","1522982100.0","",""
"0.13636363636363635","RT @Gadgets360: You can now buy the new Nokia 6 (2018) in India. Here's our unboxing video: https://t.co/nlCnCXYKbo","1522982081.0","",""
"0.0","Kolkata woman's body kept in freezer at home; husband, son lived with it for 2 years https://t.co/AzYmRT0PtM https://t.co/85v8OSl1Cr","1522981328.0","",""
"0.8","#Blog: Salman Khan's conviction is a victory to be proud of - by @SwatiWild https://t.co/pkGu2nuf45 https://t.co/k7ZJv8ArM6","1522981214.0","",""
"-0.5","RT @Sports_NDTV: #CommonwealthGames 2018: Sad I couldn't break all games records, says Sanjita Chanu\n\n#CWG2018 #GC2018 #SanjitaChanu\n\nREAD:…","1522981063.0","",""
"0.13636363636363635","Watch | Stars of '#LostInSpace' Molly Parker and Toby Stephens on their new mission https://t.co/fdTnmJe7ms","1522981005.0","",""
"-0.1","Boy, 7, tries to recreate pic from when he was 2, gets stuck in hole\nhttps://t.co/ophqtafJ2a https://t.co/PbqEeKVXDU","1522981000.0","",""
"0.5","This is a news alert. More details to follow.  #JustIn #NDTVNews https://t.co/Ze9ZgikSX5","1522980978.0","",""
"0.0","Maharashtra woman fought off big cat with a stick. Then took a selfie\nhttps://t.co/2YdfsNxV5M https://t.co/a6yKP74xhv","1522980894.0","",""
"0.0","RT @Sports_NDTV: India blank Scotland 5-0 in the Badminton Mixed Team Event, Group A\n\n#GC2018 #GC2018Badminton\n\nLive: https://t.co/PmLNYihN…","1522980254.0","",""
"0.5","Top stories now on https://t.co/Fbzw6mR9Q5 \n\n#NDTVTopStories https://t.co/2atDkBXZrR","1522980013.0","",""
"0.3","In Delhi, robbers loot cash, jewellery worth Rs. 35 lakh at gunpoint https://t.co/n1GjC4YrGW https://t.co/uGQLCfoBjk","1522980001.0","",""
"0.0","UP man bites off brother's nose, attacks father after denied money for alcohol https://t.co/o3UnTR5ZEo https://t.co/xQpoKqIsSm","1522980000.0","",""
"0.0","Man found beheaded in Kashmir orchard, 2 days after kidnapping by Lashkar https://t.co/QZR7d8Va7r https://t.co/c4ELF8mAtx","1522979961.0","",""
"-0.16666666666666666","RT @Gadgets360: The GoPro Hero6 Black boasts of 4K video capture at 60fps and 1080p video at 240fps. We review https://t.co/bDxzO7n8f4 http…","1522979748.0","",""
"0.0","#GC2018 Women's Pool A hockey match: #GurjitKaur scores a brace as dominant India beat Malaysia 4-1 #GC2018hockey… https://t.co/6aIxLSm9zb","1522979377.0","",""
"0.35714285714285715","TDP MPs stage a ""dharna"" in Lok Sabha Speaker's chamber over special category status for Andhra Pradesh (ANI) https://t.co/hrlQdvZ5N5","1522979259.0","",""
"-0.1","RT @moviesndtv: Kapil Sharma's Show To Go Off Air Sooner Than Expected? Details Here https://t.co/fakkXYlt82 https://t.co/H4pStGnhS4","1522979056.0","",""
"-0.05000000000000001","RT @Sports_NDTV: India vs Scotland, Badminton Mixed Team Event, Group A: The pair of Pranaav Chopra and N Sikki Reddy takes the first game…","1522979054.0","",""
"0.0","Donald Trump Says He Didn't Know His Attorney Paid $130,000 To Porn Star Stormy Daniels https://t.co/LumWQwyplZ… https://t.co/ITH8cJ56ou","1522978936.0","",""
"0.0","Salman Khan refused 'dal-roti' dinner, 'khichdi' breakfast: report\nhttps://t.co/XxZ6NdlkHO https://t.co/uiiyOKFdMd","1522978800.0","",""
"0.0","RT @Sports_NDTV: #CommonwealthGames 2018: Deepak Lather claims bronze, gives India fourth weightlifting medal\n\n#GC2018 #CWG2018  #DeepakLat…","1522978474.0","",""
"0.35714285714285715","Chandrababu Naidu hops on bicycle to intensify protest for special status https://t.co/TRNUkS5sGo\n\n#AndhraPradesh https://t.co/pAMWv1vI86","1522978444.0","",""
"0.1","Why Donald Trump went after Jeff Bezos: Two billionaires across a cultural divide https://t.co/jWAfBM2D7g https://t.co/WVOi58YqZA","1522978254.0","",""
"0.0","#JustIn | South Africa's Jacob Zuma arrives at court for graft hearing: news agency AFP","1522978245.0","",""
"-0.25","""Zombie-like"" raccoons are terrorising residents of this small town https://t.co/gQ8cou2E5j https://t.co/axQ72PAgUq","1522978202.0","",""
"0.35714285714285715","YSRCP Lok Sabha MPs submit their resignations to Speaker Sumitra Mahajan over special status for Andhra Pradesh (AN… https://t.co/Mt6kbRuvdq","1522978102.0","",""
"0.0","Mohammed bin Salman, reformist prince who has shaken Saudi Arabia\nhttps://t.co/Rk8umZejg2 https://t.co/1QzMH4SQ6U","1522977999.0","",""
"0.0","All party meeting over setting up of #CauveryManagementBoard underway in Chennai (ANI)\n\n#CauveryIssue https://t.co/yjjSOitKRJ","1522977926.0","",""
"0.0","RT @Sports_NDTV: India vs Scotland, Badminton Mixed Team Event, Group A: The pair of Satwik Rankireddy and Chirag Chandrashekhar Shetty ext…","1522977863.0","",""
"0.0","RT @bandbaajaa: In Pics: Ishqbaaaz Actor Nakuul Mehta And Wife Jankee Are Holidaying In Japan\nhttps://t.co/LiAvJlXv1C\n#bandbaajaa #bbweddin…","1522977445.0","",""
"-0.2","Body of 4-year-old girl found with hands missing, 300 metres from home https://t.co/OeQ1K2w4Mk https://t.co/pHLK4vv5gB","1522977220.0","",""
"0.3","RT @Sports_NDTV: #CommonwealthGames2018: India's #DeepakLather wins weightlifting bronze medal in men's 69kg category\n\n#GC2018 #CWG18 \n\nhtt…","1522977119.0","",""
"0.0","""Bomb to Brisbane"" read label on bag at airport. Grandma meant Bombay\nhttps://t.co/G26IZBwTpS https://t.co/hBI3VV912l","1522976987.0","",""
"0.1","RT @Gadgets360: LG Mobile Days Sale on Amazon Offers Discounts on These Smartphones\nhttps://t.co/LWB2gZbAG4","1522976786.0","",""
"0.0","RT @carandbike: The @MSArenaOfficial #Vitara is above the 4-metre mark and competes in the compact SUV space, with the likes of @HyundaiInd…","1522976712.0","",""
"0.0","Rahul Gandhi and the neat trick with the garland: Video is viral https://t.co/pOdSNZqUa5 https://t.co/DdmYwVl96C","1522976482.0","",""
"0.5","Top stories now on https://t.co/Fbzw6mR9Q5 \n\n#NDTVTopStories https://t.co/GUD4WhPSSi","1522976386.0","",""
"-0.4","""All behind me now"" Commonwealth Games dancer laughs off viral bum flash\nhttps://t.co/bjR5ERdQNI https://t.co/CokoYHL4ux","1522976341.0","",""
"0.2","China says it is ready to pay ""any cost"" in trade war with US https://t.co/jKiTFKL6O0 https://t.co/6Nv2nQwRpx","1522976279.0","",""
"0.0","A Japanese woman tried to save a man's life in the sumo ring, but was ordered away for being 'unclean'… https://t.co/ajHIsLWIYR","1522976184.0","",""
"-0.04444444444444443","RT @Sports_NDTV: #GC2018: India's #DeepakLather fails in his third Clean and Jerk attempt to lift 162 kg, still in contention for a bronze…","1522976173.0","",""
"0.0","Mumbai warned of traffic jams ahead of mega BJP event https://t.co/NUQRyq7xUk https://t.co/1akLikGlA8","1522976134.0","",""
"0.13333333333333333","#SalmanKhan to spend 2nd night in jail, bail hearing tomorrow\n\nHere are the top 10 updates on Salman Khan… https://t.co/dt1XB4ZGui","1522975983.0","",""
"0.0","RT @Gadgets360: Xiaomi Mi 7 to Sport an Under-Display Fingerprint Sensor, CEO Hints https://t.co/tGjsTv1nbR","1522975879.0","",""
"0.35000000000000003","RT @Sports_NDTV: India vs Scotland, Badminton Mixed Team Event, Group A: Satwik Rankireddy and Chirag Chandrashekhar Shetty win the first g…","1522975871.0","",""
"-0.5","""You'll be sorry"": Russia to Britain in showdown at UN over spy poisoning https://t.co/3RoDn7P4uc https://t.co/a7wtbC9IHL","1522975749.0","",""
"0.0","#SanjitaChanu gives India 2nd gold in weightlifting https://t.co/4YihR8DNFf\n\n#CommonwealthGames2018 #CG2018 https://t.co/0B4h00uPHV","1522975608.0","",""
"0.0","RT @Sports_NDTV: #GC2018, Women's Pool A hockey match: #GurjitKaur scores a brace as dominant India beat Malaysia 4-1\n\n#GC2018hockey\n\nLive:…","1522975554.0","",""
"0.0","In this Cambodian town, tarantulas may go off menu. Here's why https://t.co/kLF3K62dcs https://t.co/Vok01Q8Y9H","1522975542.0","",""
"0.37222222222222223","RT @Sports_NDTV: #GC2018: India's #DeepakLather successfully lifts 159 kg in his second Clean and Jerk attempt\n\n#GC2018weightlifting\n\nLive:…","1522975431.0","",""
"0.13333333333333333","Salman Khan to spend another night in Jodhpur Central Jail, bail plea hearing tomorrow \n\nRead more here:… https://t.co/zfI8aEbAtm","1522975227.0","",""
"0.13333333333333333","#SalmanKhan to spend 2nd night in jail, bail hearing tomorrow\n\nHere are the top 10 updates on Salman Khan… https://t.co/O93MEqgY0W","1522975094.0","",""
"0.0","RT @Sports_NDTV: #GC2018, Women's Pool A hockey match: Rani Rampal scores as India lead 3-1 against Malaysia\n\n#GC2018hockey\n\nLive: https://…","1522975058.0","",""
"0.5","This is a news alert. More details to follow.  #JustIn #NDTVNews https://t.co/V0iFqTdiPW","1522974978.0","",""
"0.45555555555555555","RT @Sports_NDTV: #GC2018: India's #DeepakLather successfully lifts 155 kg in his first Clean and Jerk attempt\n\n#GC2018Weightlifting\n\nLive:…","1522974938.0","",""
"0.0","Firecrackers ban case: Supreme Court adjourned the matter for further hearing till May 8. Central government has so… https://t.co/QSeWGDj9Y0","1522974611.0","",""
"0.0","US approves $1.31 billion artillery sale to Saudi Arabia https://t.co/ljg88aUWom https://t.co/nkUVQcHztW","1522974600.0","",""
"0.4","RT @Gadgets360: What if We Paid for Facebook - Instead of Letting It Spy on Us for Free? https://t.co/r2aXAY5EiB","1522974569.0","",""
"0.2","#JustIn | BJP MPs to observe fast on April 12 to protest the impasse in parliament ""caused"" by Congress: Union Mini… https://t.co/jEs8nioDvm","1522974562.0","",""
"0.0","RT @Sports_NDTV: India vs Scotland, Badminton Mixed Team Event, Group A: The pair of Ashwini Ponappa and N Sikki Reddy give India an unassa…","1522974471.0","",""
"0.0","Lead story now on https://t.co/Fbzw6mR9Q5: https://t.co/U6sIWr8yQB\n\n#NDTVLeadStory #SalmanKhan… https://t.co/wFWuoS68KQ","1522974410.0","",""
"0.13636363636363635","#BudgetSession | Rajya Sabha adjourned indefinitely \n\nTrack LIVE updates: https://t.co/uHWqpMjpo1 https://t.co/lqK0a6c2A3","1522974396.0","",""
"0.21212121212121213","RT @Gadgets360: In this week's entertainment guide: A Quiet Place, Legion, @KaceyMusgraves' new album, and more https://t.co/07zlN8rC09 htt…","1522974306.0","",""
"0.5","This is a news alert. More details to follow.  #JustIn #NDTVNews https://t.co/dFXe610fSi","1522974265.0","",""
"0.0","RT @moviesndtv: Why Manushi Chhillar Was Asked About Kareena Kapoor And What She Said In Response https://t.co/xsNvHKhAwe https://t.co/Zyoa…","1522974220.0","",""
"-0.4","""All behind me now"" Commonwealth Games dancer laughs off viral bum flash\nhttps://t.co/bjR5ERdQNI\n\n#GC2018 #CWG2018 https://t.co/UGBhTrks6e","1522974062.0","",""
"0.0","#BudgetSession | Lok Sabha adjourned indefinitely","1522973974.0","",""
"0.0","RT @Sports_NDTV: #GC2018, Women's Pool A hockey match: India lead Malaysia 2-1 at the end of the third quarter\n\n#GC2018hockey\n\nLive: https:…","1522973777.0","",""
"0.0","RT @Sports_NDTV: #CommonwealthGames 2018: India boxer #NamanTanwar storms into men's 91 kg quarters\n\n#GC2018 #CWG2018 \n\nREAD: https://t.co/…","1522973673.0","",""
"0.25","RT @moviesndtv: Review: “@irrfank is riveting in #Blackmail, a thriller about an urban marriage gone kaput,” writes Saibal Chatterjee – 2.5…","1522973491.0","",""
"0.0","RT @Gadgets360: Apple's Redesigned Mac Pro Will Only Launch in 2019\nhttps://t.co/jswn0qOW9b","1522973483.0","",""
"-0.05000000000000001","RT @Sports_NDTV: India vs Scotland, Badminton Mixed Team Event, Group A: The pair of Ashwini Ponappa and Sikki Reddy take the first game 21…","1522973479.0","",""
"0.0","RT @Sports_NDTV: #GC2018, Women's Pool A hockey match: #GurjitKaur scores her second as India lead Malaysia 2-1\n\n#GC2018hockey\n\nLive: https…","1522973374.0","",""
"-0.26666666666666666","At least 30 students fall ill following breakfast at school canteen in Noida https://t.co/HfhtJfkSRQ https://t.co/JZ83vO27Xe","1522973131.0","",""
"0.2","Opposition parties responsible for violence during Dalit stir: Keshav Prasad Maurya https://t.co/HdXbbM0Ajt https://t.co/IR5uV1qP0d","1522972862.0","",""
"-0.3","RT @Sports_NDTV: #GC2018: India's Vikram Malhotra loses 6-11, 11-8, 6-11, 6-11 to England's Nick Matthew in the #GC2018Squash Men's Singles…","1522972814.0","",""
"0.0","Lalu Yadav's son Tej Pratap to marry Aishwarya Roy. Details here https://t.co/rgIzD9JhxY https://t.co/I00TKwvyX2","1522972801.0","",""
"0.0","#Apple said to be developing screens that let you control your phone without tapping or swiping… https://t.co/rWzlMWYzUz","1522972797.0","",""
"0.5","Top stories now on https://t.co/Fbzw6mR9Q5 \n\n#NDTVTopStories https://t.co/owSECx2sPd","1522972770.0","",""
"0.0","Nepal Prime Minister KP Sharma Oli arrives in India on a three day state visit, received by Home Minister Rajnath S… https://t.co/EfcKVGkjU3","1522972698.0","",""
"0.0","RT @Sports_NDTV: #GC2018, Women's Pool A hockey match: India lead Malaysia 1-0 at half-time\n\n#GC2018hockey\n\nLive: https://t.co/PmLNYihNxP h…","1522972483.0","",""
"0.0","RT @Sports_NDTV: India take 2-0 lead in mixed team badminton event against Scotland as #KidambiSrikanth outclasses Kieran Merrilles 21-18,…","1522972471.0","",""
"0.0","RT @Gadgets360: Amazon's Lord of the Rings Will Reportedly Cost a Billion in Five Seasons https://t.co/0Uk416jUNy https://t.co/JUY8WDRy7M","1522972463.0","",""
"0.0","⚡️ Salman Khan, convicted in #BlackBuckPoachingCase, has been put up in barrack number 2 of #JodhpurCentralJail \n\nhttps://t.co/oj3tQnYe1y","1522972357.0","",""
"0.0","#BlackBuckPoachingCase | Police said Salman Khan's family could meet him once a week, but given that his bail reque… https://t.co/3w8bXjHtrj","1522972133.0","",""
"0.29545454545454547","RT @Sports_NDTV: #GC2018: In his second Snatch attempt, India's #DeepakLather successfully lifts 136 kg\n\n#GC2018Weightlifting \n\nLive: https…","1522972038.0","",""
"0.2","China ready to pay 'any cost' in trade war: Ministry of Commerce (AFP)","1522971776.0","",""
"0.0","""Yesterday I got threatening SMSes and internet calls warning me not to appear for Salman Khan in bail hearing toda… https://t.co/I90rwP3Fb0","1522971773.0","",""
"0.35714285714285715","Telugu Desam Party (TDP) MPs protest in parliament premises demanding special category status for Andhra Pradesh (A… https://t.co/HsHpFdp9yy","1522971721.0","",""
"0.19318181818181818","RT @Sports_NDTV: #GC2018: India's #DeepakLather lifts 132 kg in his first Snatch attempt\n\n#GC2018Weightlifting \n\nLive: https://t.co/PmLNYih…","1522971701.0","",""
"-0.03333333333333335","RT @Sports_NDTV: India vs Scotland, Badminton Mixed Team Event, Group A: #KidambiSrikanth wins the opening game 21-18 vs Kieran Merrilees.…","1522971604.0","",""
"0.3181818181818182","2018 Commonwealth Games | Here’s a look at latest medal tally on Day 2 of #GC2018 #CWG2018\n\nTrack LIVE updates here… https://t.co/cX5rexsQim","1522971503.0","",""
"0.2","RT @Gadgets360: Xiaomi Redmi 5 Available in Open Sale on Amazon India Today https://t.co/chQ0ps84It","1522971379.0","",""
"0.0","RT @Gadgets360: RBI Bars Regulated Entities From Dealing in Cryptocurrencies Like Bitcoin https://t.co/lgVWyXpeQL","1522971370.0","",""
"0.1","Why Donald Trump went after Jeff Bezos: Two billionaires across a cultural divide\nhttps://t.co/aEQF0QK1Nd https://t.co/84zUeeRZaK","1522971256.0","",""
"0.3","In Delhi, robbers loot cash, jewellery worth Rs. 35 lakh at gunpoint https://t.co/n1GjC4YrGW https://t.co/Ygh6NfcKUi","1522971174.0","",""
"-0.25","""Zombie-like"" raccoons are terrorising residents of this small town https://t.co/gQ8cou2E5j https://t.co/tmtRrY7fm5","1522971041.0","",""
"0.075","Salman Khan, on first night in jail, refused 'dal-roti' dinner: report\nhttps://t.co/XxZ6NdlkHO https://t.co/thw69j8dLb","1522970926.0","",""
"0.0","After aborted ""#FakeNews"" order, centre turns focus on online media https://t.co/COkVH5YvQA https://t.co/c65cXUlppC","1522970862.0","",""
"-0.30000000000000004","RT @Sports_NDTV: #GC2018: England's Nick Matthew beats India's #VikramMalhotra 11-6 in game one of the #GC2018Squash Men's Singles Round of…","1522970655.0","",""
"0.0","RT @carandbike: .@audisport drops yet another teaser of the e-Tron Vision Gran Turismo ahead of its official unveil on April 9.\n\nhttps://t.…","1522970377.0","",""
"-0.2","RT @Gadgets360: Facebook's Sandberg Says 'a Few' Advertisers Paused Spending https://t.co/zSwtOSW1Fh","1522970295.0","",""
"-0.2","RT @Sports_NDTV: #GC2018: Vikram Malhotra takes on Nick Matthew in Squash Men's Singles Round of 16\n\n#GC2018Squash\n\nLive: https://t.co/PmLN…","1522970231.0","",""
"0.13636363636363635","RT @moviesndtv: #Quantico3 Trailer: @priyankachopra's 'New Beginning' Is Not What You Think It Is https://t.co/nRjJzOIUHt https://t.co/EpBo…","1522970174.0","",""
"0.1","RT @Sports_NDTV: #GC2018, Women's Pool A hockey match: Gurjit Kaur scores as India take an early 1-0 lead against Malaysia\n\n#GC2018hockey…","1522970131.0","",""
"0.125","RT @Sports_NDTV: India vs Scotland, Badminton Mixed Team Event, Group A: #SainaNehwal clinches the first match of the tie by beating #Julie…","1522969944.0","",""
"0.0","RT @Sports_NDTV: #GC2018: India take on Malaysia in Women's Pool A hockey match\n\n#GC2018Hockey\n\nLive: https://t.co/PmLNYihNxP https://t.co/…","1522969709.0","",""
"-0.2333333333333333","RT @Sports_NDTV: India's Amritha Reghunath, Sonali Mayanglambam fail to qualify for medal round in Women's 3000m Individual Pursuit Cycling…","1522969515.0","",""
"-0.125","RT @moviesndtv: #BlackBuckPoachingCase: 'Salman Khan Will Come Out Stronger,' Tweet Varun Dhawan And Other Celebs https://t.co/1yRwzm91Il h…","1522969381.0","",""
"0.5","RT @NDTVProfit: Top Banker Bonuses Are Said to Be Delayed Amid India Frauds https://t.co/r8NV94hfO0","1522969366.0","",""
"0.0","RT @Gadgets360: Facebook Being Investigated by UK Regulator Over Political Campaigning https://t.co/5IjBoTXqby","1522969363.0","",""
"0.0","Visuals from BJP parliamentary party meeting in Delhi (ANI) https://t.co/CsGhpOq6Bx","1522969284.0","",""
"0.5","Top stories now on https://t.co/Fbzw6mR9Q5 \n\n#NDTVTopStories https://t.co/zyjKYpaMTo","1522969154.0","",""
"0.0","Andhra Pradesh Chief Minister N Chandrababu Naidu in a teleconference with party MPs said, ""BJP is practising divid… https://t.co/mj9e0WAhmJ","1522968784.0","",""
"0.0","Andhra Pradesh Chief Minister N Chandrababu Naidu in a teleconference with party MPs today said ""BJP is running awa… https://t.co/CVVqpaVscZ","1522968585.0","",""
"0.13636363636363635","#JustIn | Judge arrives in court for hearing Salman Khan’s bail plea #BlackBuckPoachingCase\n\nTrack LIVE updates her… https://t.co/MimD9MMRE0","1522968564.0","",""
"-0.19166666666666665","For mess he and flock of seagulls left behind years ago, man begs forgiveness\nhttps://t.co/wEmmLtHp9G https://t.co/FWow673EKq","1522968317.0","",""
"0.0","Lead story now on https://t.co/Fbzw6mR9Q5: https://t.co/tkfeNLe6xy\n\n#NDTVLeadStory #BlackBuckPoachingCase… https://t.co/HpHvyJr6Qy","1522968185.0","",""
"0.0","Delhi: Prime Minister Narendra Modi and Home Minister Rajnath Singh arrive for BJP parliamentary party meeting (ANI) https://t.co/zloc8ei8pu","1522967837.0","",""
"0.0","RT @Sports_NDTV: #GC2018: Deepak Lather competes in Men's 69 kg #GC2018Weightlifting event\n\nLive: https://t.co/PmLNYihNxP","1522967759.0","",""
"0.06818181818181818","RT @Sports_NDTV: #GC2018: India take on Scotland in Badminton Mixed Team Event, Group A\n\n#GC2018Badminton \n\nLive: https://t.co/PmLNYihNxP h…","1522967652.0","",""
"0.0","After aborted ""#FakeNews"" order, centre turns focus on online media https://t.co/QKUs6W44xh https://t.co/PxMscDpI5x","1522967600.0","",""
"-0.25","""Zombie-like"" raccoons are terrorising residents of this small town\nhttps://t.co/gQ8cou2E5j https://t.co/Img1tFrLtx","1522967459.0","",""
"0.8","RT @Sports_NDTV: #GC2018: India's #NamanTanwar advances to Men's 91kg quarter-finals after a routine win over Haruna Mhando of Tanzania\n\n#g…","1522967202.0","",""
"0.0","RT @carandbike: .@Ducati_India receives increased demand for the #PanigaleV4 superbike in India and has therefore, started taking bookings…","1522967183.0","",""
"0.0","Bike thieves, inspired by Bollywood movie ""Dhoom"", arrested in Delhi\nhttps://t.co/R6QrxkB0gW https://t.co/vvYXoeA0Uf","1522966795.0","",""
"0.0","WATCH | Ahead of BJP's mega celebration, massive traffic jams in Mumbai https://t.co/NUQRyq7xUk https://t.co/HyeOJG5iJk","1522966704.0","",""
"-0.2","RT @Sports_NDTV: #GC2018: In boxing, Naman Tanwar is up against Haruna Mhando of United Republic of Tanzania in the Men's 91kg Round of 16…","1522966330.0","",""
"0.2","Who makes the real Cuban rum? A dispute that has lasted for decades https://t.co/T91Be1juQ9 https://t.co/4l8UVibpU7","1522966276.0","",""
"0.0","""You're playing with fire"": Russia to UK on spy poisoning row https://t.co/asKvWMli6V https://t.co/Lr9sPz8VBs","1522966057.0","",""
"0.13636363636363635","RT @Gadgets360: Does the new #Oppo F7 live up to its expectations? We find out. https://t.co/5IUcOoLH4W","1522965642.0","",""
"0.16818181818181818","RT @Gadgets360: Ola wants you to ride on its cabs without worrying, introduces new in-trip insurance with cover up to ₹5 lakh. https://t.co…","1522965617.0","",""
"0.5","Top stories now on https://t.co/Fbzw6mR9Q5 \n\n#NDTVTopStories https://t.co/IGSwU6v6OI","1522965536.0","",""
"0.0","Mohammed bin Salman: A reformist Prince who has shaken Saudi Arabia\nhttps://t.co/Rk8umZejg2 https://t.co/3V7wrVgFAa","1522965510.0","",""
"0.0","""Perhaps I'm gullible"": Nitish Kumar's stinging takedown of Tejashwi Yadav https://t.co/QJKAjdKMww https://t.co/SuFRQtRcFj","1522965503.0","",""
"0.0","Lalu Yadav's Son Tej Pratap To Marry Aishwarya Roy. Details Here https://t.co/JgctYFPDG5 #NDTVNewsBeeps https://t.co/M8r9XWFCjR","1522965433.0","",""
"0.0","UP man bites off brother's nose, attacks father after denied money for alcohol https://t.co/o3UnTR5ZEo https://t.co/AoQK8JiRnD","1522965337.0","",""
"0.0","US approves $1.31 billion artillery sale to Saudi Arabia https://t.co/ljg88bcxfU https://t.co/pDqzD9OCAC","1522965193.0","",""
"0.0","TDP lawmakers stayed put after Rajya Sabha was adjourned. Marshalled out\nhttps://t.co/89SAy6TpK8 https://t.co/8RWlFpz8LV","1522965145.0","",""
"0.0","Trump seeks an additional $100 billion in tariffs against China in escalation of trade confrontation… https://t.co/JJYwJtiAKg","1522965107.0","",""
